{
  "delta_hv_db": {
    "slope": 7.393527424931543,
    "intercept": -123.46525223537897,
    "r_squared": 0.0063852409016054035,
    "p_value": 0.22431944973893816,
    "stderr_slope": 6.068286428411019,
    "stderr_intercept": 12.433215392026446,
    "n": 233
  },
  "delta_hh_db": {
    "slope": 8.16059260106838,
    "intercept": -129.6908910224297,
    "r_squared": 0.014826836231479353,
    "p_value": 0.06351286009856903,
    "stderr_slope": 4.376709770567718,
    "stderr_intercept": 11.448112327415702,
    "n": 233
  },
  "delta_rfdi": {
    "slope": 44.988133997359945,
    "intercept": -132.39511948010016,
    "r_squared": 0.003315833370107046,
    "p_value": 0.38159044538035203,
    "stderr_slope": 51.3185551672614,
    "stderr_intercept": 12.061827466774698,
    "n": 233
  }
}
