{
  "delta_hv_db": {
    "slope": 16.286020660627823,
    "intercept": -134.58247949206034,
    "r_squared": 0.028729808205094576,
    "p_value": 0.044501855504105306,
    "stderr_slope": 8.031769718010862,
    "stderr_intercept": 17.44165967586126,
    "n": 141
  },
  "delta_hh_db": {
    "slope": 11.936313735472329,
    "intercept": -144.62772783063323,
    "r_squared": 0.02000611213474119,
    "p_value": 0.09432464688302496,
    "stderr_slope": 7.085869657777162,
    "stderr_intercept": 15.988373635623635,
    "n": 141
  },
  "delta_rfdi": {
    "slope": -7.47975135873569,
    "intercept": -150.54785938360772,
    "r_squared": 7.686636407307687e-05,
    "p_value": 0.9178187367062265,
    "stderr_slope": 72.35939048359498,
    "stderr_intercept": 15.991382037883442,
    "n": 141
  }
}