{
  "delta_hv_db": {
    "slope": 12.86486756008062,
    "intercept": -135.09090585915266,
    "r_squared": 0.01720903482620599,
    "p_value": 0.01728031850196563,
    "stderr_slope": 5.376303338600765,
    "stderr_intercept": 10.631507312480535,
    "n": 329
  },
  "delta_hh_db": {
    "slope": 7.013748824968051,
    "intercept": -145.1953092465351,
    "r_squared": 0.008881751935322632,
    "p_value": 0.08787626505516284,
    "stderr_slope": 4.097224387955631,
    "stderr_intercept": 9.774335303371338,
    "n": 329
  },
  "delta_rfdi": {
    "slope": -9.607878465783553,
    "intercept": -144.6846377154873,
    "r_squared": 0.00014722836251144364,
    "p_value": 0.8264498122884925,
    "stderr_slope": 43.785056152695205,
    "stderr_intercept": 10.244535289094344,
    "n": 329
  }
}